1,Bulbasaur,images/pokemonImages/Bulbasaur.jpg
2,Ivysaur,images/pokemonImages/Ivysaur.jpg
3,Venusaur,images/pokemonImages/Venusaur.jpg
4,Charmander,images/pokemonImages/Charmander.jpg
5,Charmeleon,images/pokemonImages/Charmeleon.jpg
6,Charizard,images/pokemonImages/Charizard.jpg
7,Squirtle,images/pokemonImages/Squirtle.jpg
8,Wartortle,images/pokemonImages/Wartortle.jpg
9,Blastoise,images/pokemonImages/Blastoise.jpg
10,Caterpie,images/pokemonImages/Caterpie.jpg
11,Metapod,images/pokemonImages/Metapod.jpg
12,Butterfree,images/pokemonImages/Butterfree.jpg
13,Weedle,images/pokemonImages/Weedle.jpg
14,Kakuna,images/pokemonImages/Kakuna.jpg
15,Beedrill,images/pokemonImages/Beedrill.jpg
16,Pidgey,images/pokemonImages/Pidgey.jpg
17,Pidgeotto,images/pokemonImages/Pidgeotto.jpg
18,Pidgeot,images/pokemonImages/Pidgeot.jpg
19,Rattata,images/pokemonImages/Rattata.jpg
20,Raticate,images/pokemonImages/Raticate.jpg
21,Spearow,images/pokemonImages/Spearow.jpg
22,Fearow,images/pokemonImages/Fearow.jpg
23,Ekans,images/pokemonImages/Ekans.jpg
24,Arbok,images/pokemonImages/Arbok.jpg
25,Pikachu,images/pokemonImages/Pikachu.jpg
26,Raichu,images/pokemonImages/Raichu.jpg
27,Sandshrew,images/pokemonImages/Sandshrew.jpg
28,Sandslash,images/pokemonImages/Sandslash.jpg
29,Nidoran♀,images/pokemonImages/Nidoran♀.jpg
30,Nidorina,images/pokemonImages/Nidorina.jpg
31,Nidoqueen,images/pokemonImages/Nidoqueen.jpg
32,Nidoran♂,images/pokemonImages/Nidoran♂.jpg
33,Nidorino,images/pokemonImages/Nidorino.jpg
34,Nidoking,images/pokemonImages/Nidoking.jpg
35,Clefairy,images/pokemonImages/Clefairy.jpg
36,Clefable,images/pokemonImages/Clefable.jpg
37,Vulpix,images/pokemonImages/Vulpix.jpg
38,Ninetales,images/pokemonImages/Ninetales.jpg
39,Jigglypuff,images/pokemonImages/Jigglypuff.jpg
40,Wigglytuff,images/pokemonImages/Wigglytuff.jpg
41,Zubat,images/pokemonImages/Zubat.jpg
42,Golbat,images/pokemonImages/Golbat.jpg
43,Oddish,images/pokemonImages/Oddish.jpg
44,Gloom,images/pokemonImages/Gloom.jpg
45,Vileplume,images/pokemonImages/Vileplume.jpg
46,Paras,images/pokemonImages/Paras.jpg
47,Parasect,images/pokemonImages/Parasect.jpg
48,Venonat,images/pokemonImages/Venonat.jpg
49,Venomoth,images/pokemonImages/Venomoth.jpg
50,Diglett,images/pokemonImages/Diglett.jpg
51,Dugtrio,images/pokemonImages/Dugtrio.jpg
52,Meowth,images/pokemonImages/Meowth.jpg
53,Persian,images/pokemonImages/Persian.jpg
54,Psyduck,images/pokemonImages/Psyduck.jpg
55,Golduck,images/pokemonImages/Golduck.jpg
56,Mankey,images/pokemonImages/Mankey.jpg
57,Primeape,images/pokemonImages/Primeape.jpg
58,Growlithe,images/pokemonImages/Growlithe.jpg
59,Arcanine,images/pokemonImages/Arcanine.jpg
60,Poliwag,images/pokemonImages/Poliwag.jpg
61,Poliwhirl,images/pokemonImages/Poliwhirl.jpg
62,Poliwrath,images/pokemonImages/Poliwrath.jpg
63,Abra,images/pokemonImages/Abra.jpg
64,Kadabra,images/pokemonImages/Kadabra.jpg
65,Alakazam,images/pokemonImages/Alakazam.jpg
66,Machop,images/pokemonImages/Machop.jpg
67,Machoke,images/pokemonImages/Machoke.jpg
68,Machamp,images/pokemonImages/Machamp.jpg
69,Bellsprout,images/pokemonImages/Bellsprout.jpg
70,Weepinbell,images/pokemonImages/Weepinbell.jpg
71,Victreebel,images/pokemonImages/Victreebel.jpg
72,Tentacool,images/pokemonImages/Tentacool.jpg
73,Tentacruel,images/pokemonImages/Tentacruel.jpg
74,Geodude,images/pokemonImages/Geodude.jpg
75,Graveler,images/pokemonImages/Graveler.jpg
76,Golem,images/pokemonImages/Golem.jpg
77,Ponyta,images/pokemonImages/Ponyta.jpg
78,Rapidash,images/pokemonImages/Rapidash.jpg
79,Slowpoke,images/pokemonImages/Slowpoke.jpg
80,Slowbro,images/pokemonImages/Slowbro.jpg
81,Magnemite,images/pokemonImages/Magnemite.jpg
82,Magneton,images/pokemonImages/Magneton.jpg
83,Farfetch’d,images/pokemonImages/Farfetch’d.jpg
84,Doduo,images/pokemonImages/Doduo.jpg
85,Dodrio,images/pokemonImages/Dodrio.jpg
86,Seel,images/pokemonImages/Seel.jpg
87,Dewgong,images/pokemonImages/Dewgong.jpg
88,Grimer,images/pokemonImages/Grimer.jpg
89,Muk,images/pokemonImages/Muk.jpg
90,Shellder,images/pokemonImages/Shellder.jpg
91,Cloyster,images/pokemonImages/Cloyster.jpg
92,Gastly,images/pokemonImages/Gastly.jpg
93,Haunter,images/pokemonImages/Haunter.jpg
94,Gengar,images/pokemonImages/Gengar.jpg
95,Onix,images/pokemonImages/Onix.jpg
96,Drowzee,images/pokemonImages/Drowzee.jpg
97,Hypno,images/pokemonImages/Hypno.jpg
98,Krabby,images/pokemonImages/Krabby.jpg
99,Kingler,images/pokemonImages/Kingler.jpg
100,Voltorb,images/pokemonImages/Voltorb.jpg
101,Electrode,images/pokemonImages/Electrode.jpg
102,Exeggcute,images/pokemonImages/Exeggcute.jpg
103,Exeggutor,images/pokemonImages/Exeggutor.jpg
104,Cubone,images/pokemonImages/Cubone.jpg
105,Marowak,images/pokemonImages/Marowak.jpg
106,Hitmonlee,images/pokemonImages/Hitmonlee.jpg
107,Hitmonchan,images/pokemonImages/Hitmonchan.jpg
108,Lickitung,images/pokemonImages/Lickitung.jpg
109,Koffing,images/pokemonImages/Koffing.jpg
110,Weezing,images/pokemonImages/Weezing.jpg
111,Rhyhorn,images/pokemonImages/Rhyhorn.jpg
112,Rhydon,images/pokemonImages/Rhydon.jpg
113,Chansey,images/pokemonImages/Chansey.jpg
114,Tangela,images/pokemonImages/Tangela.jpg
115,Kangaskhan,images/pokemonImages/Kangaskhan.jpg
116,Horsea,images/pokemonImages/Horsea.jpg
117,Seadra,images/pokemonImages/Seadra.jpg
118,Goldeen,images/pokemonImages/Goldeen.jpg
119,Seaking,images/pokemonImages/Seaking.jpg
120,Staryu,images/pokemonImages/Staryu.jpg
121,Starmie,images/pokemonImages/Starmie.jpg
122,Mr. Mime,images/pokemonImages/Mr. Mime.jpg
123,Scyther,images/pokemonImages/Scyther.jpg
124,Jynx,images/pokemonImages/Jynx.jpg
125,Electabuzz,images/pokemonImages/Electabuzz.jpg
126,Magmar,images/pokemonImages/Magmar.jpg
127,Pinsir,images/pokemonImages/Pinsir.jpg
128,Tauros,images/pokemonImages/Tauros.jpg
129,Magikarp,images/pokemonImages/Magikarp.jpg
130,Gyarados,images/pokemonImages/Gyarados.jpg
131,Lapras,images/pokemonImages/Lapras.jpg
132,Ditto,images/pokemonImages/Ditto.jpg
133,Eevee,images/pokemonImages/Eevee.jpg
134,Vaporeon,images/pokemonImages/Vaporeon.jpg
135,Jolteon,images/pokemonImages/Jolteon.jpg
136,Flareon,images/pokemonImages/Flareon.jpg
137,Porygon,images/pokemonImages/Porygon.jpg
138,Omanyte,images/pokemonImages/Omanyte.jpg
139,Omastar,images/pokemonImages/Omastar.jpg
140,Kabuto,images/pokemonImages/Kabuto.jpg
141,Kabutops,images/pokemonImages/Kabutops.jpg
142,Aerodactyl,images/pokemonImages/Aerodactyl.jpg
143,Snorlax,images/pokemonImages/Snorlax.jpg
144,Articuno,images/pokemonImages/Articuno.jpg
145,Zapdos,images/pokemonImages/Zapdos.jpg
146,Moltres,images/pokemonImages/Moltres.jpg
147,Dratini,images/pokemonImages/Dratini.jpg
148,Dragonair,images/pokemonImages/Dragonair.jpg
149,Dragonite,images/pokemonImages/Dragonite.jpg
150,Mewtwo,images/pokemonImages/Mewtwo.jpg
151,Mew,images/pokemonImages/Mew.jpg